{
  "schema_version": 1,
  "fit": {
    "n_input": 22,
    "n_used_rt60": 22,
    "n_used_rt60_before_filter": 22,
    "target_fs": 32000,
    "recording_fs_min_max": [
      48000,
      48000
    ],
    "rt60_median": 0.7,
    "rt60_p20": 0.7,
    "rt60_p80": 0.7,
    "rt60_fit_bounds_used": [
      0.12,
      0.7
    ],
    "rt60_band_median": [
      0.7,
      0.7,
      0.7,
      0.7,
      0.6938428947532811,
      0.6523084751770792,
      0.5566593036114164,
      0.45864706825076146,
      0.4090718041649836
    ],
    "band_centers_ref": [
      125.0,
      250.0,
      500.0,
      1000.0,
      2000.0,
      4000.0,
      8000.0,
      12000.0,
      16000.0
    ],
    "band_centers_used_for_fit": [
      125.0,
      250.0,
      500.0,
      1000.0,
      2000.0,
      4000.0,
      8000.0,
      12000.0
    ],
    "drr_db_p20_p80": [
      1.6229695473893742,
      9.734900079961498
    ],
    "c50_db_p20_p80": [
      6.0320181375894615,
      15.90251866469751
    ],
    "drr_c50_mode": "auto",
    "drr_c50_strategy": "auto_fallback_fixed_smallroom_prior_jitter",
    "drr_c50_n_from_recording": {
      "drr": 0,
      "c50": 0
    },
    "drr_c50_used_from_recording": false,
    "drr_c50_n_items_from_recording": 0,
    "drr_c50_n_items_fallback_prior": 22,
    "drr_c50_from_recording_ratio": 0.0,
    "drr_c50_prior_base": {
      "drr_range_db": [
        2.0,
        10.0
      ],
      "c50_range_db": [
        6.0,
        16.0
      ],
      "jitter_db": 0.5,
      "from_recording_jitter_db": 0.2,
      "fit_seed": 2026
    },
    "warnings": [
      "No impulse-like recordings detected for DRR/C50 inversion; auto mode fell back to fixed prior.",
      "Requested drr_c50_mode='from_recording' but at least one file failed impulse-like check; fallback to drr_c50_mode='auto'."
    ],
    "noise_rms_median": 0.0009635784557905172,
    "noise_tilt_db_per_oct_median": -4.8607228271616485,
    "fitted_custom_room_range": {
      "lx": [
        3.456,
        3.744
      ],
      "ly": [
        3.6479999999999997,
        3.952
      ],
      "lz": [
        2.592,
        2.8080000000000003
      ]
    },
    "per_item": [
      {
        "item": "/home/xukj/dataset_comsolTest/room_test/无标题 (10).wav",
        "fs_recording": 48000,
        "used": true,
        "rt60": 1.2196181615764252,
        "drr_db": null,
        "c50_db": null,
        "drr_c50_from_recording": false,
        "impulse_like": false,
        "fit_band_centers_used": [
          125.0,
          250.0,
          500.0,
          1000.0,
          2000.0,
          4000.0,
          8000.0,
          12000.0
        ],
        "noise_rms": 0.0009679436389513335,
        "noise_tilt_db_per_oct": -3.4701666382380028
      },
      {
        "item": "/home/xukj/dataset_comsolTest/room_test/无标题 (11).wav",
        "fs_recording": 48000,
        "used": true,
        "rt60": 0.8520409252685461,
        "drr_db": null,
        "c50_db": null,
        "drr_c50_from_recording": false,
        "impulse_like": false,
        "fit_band_centers_used": [
          125.0,
          250.0,
          500.0,
          1000.0,
          2000.0,
          4000.0,
          8000.0,
          12000.0
        ],
        "noise_rms": 0.000979392202537729,
        "noise_tilt_db_per_oct": -4.276792054196961
      },
      {
        "item": "/home/xukj/dataset_comsolTest/room_test/无标题 (12).wav",
        "fs_recording": 48000,
        "used": true,
        "rt60": 0.7483769432912006,
        "drr_db": null,
        "c50_db": null,
        "drr_c50_from_recording": false,
        "impulse_like": false,
        "fit_band_centers_used": [
          125.0,
          250.0,
          500.0,
          1000.0,
          2000.0,
          4000.0,
          8000.0,
          12000.0
        ],
        "noise_rms": 0.000902764627508618,
        "noise_tilt_db_per_oct": -4.90757681584703
      },
      {
        "item": "/home/xukj/dataset_comsolTest/room_test/无标题 (13).wav",
        "fs_recording": 48000,
        "used": true,
        "rt60": 0.8312118905409209,
        "drr_db": null,
        "c50_db": null,
        "drr_c50_from_recording": false,
        "impulse_like": false,
        "fit_band_centers_used": [
          125.0,
          250.0,
          500.0,
          1000.0,
          2000.0,
          4000.0,
          8000.0,
          12000.0
        ],
        "noise_rms": 0.0009068091440154777,
        "noise_tilt_db_per_oct": -5.310122557114754
      },
      {
        "item": "/home/xukj/dataset_comsolTest/room_test/无标题 (14).wav",
        "fs_recording": 48000,
        "used": true,
        "rt60": 2.297296256534673,
        "drr_db": null,
        "c50_db": null,
        "drr_c50_from_recording": false,
        "impulse_like": false,
        "fit_band_centers_used": [
          125.0,
          250.0,
          500.0,
          1000.0,
          2000.0,
          4000.0,
          8000.0,
          12000.0
        ],
        "noise_rms": 0.00115133630719473,
        "noise_tilt_db_per_oct": -5.086223798376422
      },
      {
        "item": "/home/xukj/dataset_comsolTest/room_test/无标题 (15).wav",
        "fs_recording": 48000,
        "used": true,
        "rt60": 2.128349548990784,
        "drr_db": null,
        "c50_db": null,
        "drr_c50_from_recording": false,
        "impulse_like": false,
        "fit_band_centers_used": [
          125.0,
          250.0,
          500.0,
          1000.0,
          2000.0,
          4000.0,
          8000.0,
          12000.0
        ],
        "noise_rms": 0.0010360951861478314,
        "noise_tilt_db_per_oct": -4.764125802113543
      },
      {
        "item": "/home/xukj/dataset_comsolTest/room_test/无标题 (16).wav",
        "fs_recording": 48000,
        "used": true,
        "rt60": 1.9275828570087674,
        "drr_db": null,
        "c50_db": null,
        "drr_c50_from_recording": false,
        "impulse_like": false,
        "fit_band_centers_used": [
          125.0,
          250.0,
          500.0,
          1000.0,
          2000.0,
          4000.0,
          8000.0,
          12000.0
        ],
        "noise_rms": 0.001028811167906804,
        "noise_tilt_db_per_oct": -4.972260165530136
      },
      {
        "item": "/home/xukj/dataset_comsolTest/room_test/无标题 (17).wav",
        "fs_recording": 48000,
        "used": true,
        "rt60": 0.8087588965680399,
        "drr_db": null,
        "c50_db": null,
        "drr_c50_from_recording": false,
        "impulse_like": false,
        "fit_band_centers_used": [
          125.0,
          250.0,
          500.0,
          1000.0,
          2000.0,
          4000.0,
          8000.0,
          12000.0
        ],
        "noise_rms": 0.0014387417975735637,
        "noise_tilt_db_per_oct": -4.875260108886462
      },
      {
        "item": "/home/xukj/dataset_comsolTest/room_test/无标题 (18).wav",
        "fs_recording": 48000,
        "used": true,
        "rt60": 3.0,
        "drr_db": null,
        "c50_db": null,
        "drr_c50_from_recording": false,
        "impulse_like": false,
        "fit_band_centers_used": [
          125.0,
          250.0,
          500.0,
          1000.0,
          2000.0,
          4000.0,
          8000.0,
          12000.0
        ],
        "noise_rms": 0.0013475901085773325,
        "noise_tilt_db_per_oct": -4.7424732946438075
      },
      {
        "item": "/home/xukj/dataset_comsolTest/room_test/无标题 (19).wav",
        "fs_recording": 48000,
        "used": true,
        "rt60": 0.7082161911447865,
        "drr_db": null,
        "c50_db": null,
        "drr_c50_from_recording": false,
        "impulse_like": false,
        "fit_band_centers_used": [
          125.0,
          250.0,
          500.0,
          1000.0,
          2000.0,
          4000.0,
          8000.0,
          12000.0
        ],
        "noise_rms": 0.0009592132726297007,