{
  "schema_version": 1,
  "fit": {
    "target_fs": 32000,
    "recording_fs_min_max": [
      48000,
      48000
    ],
    "n_input": 22,
    "n_used_rt60": 22,
    "rt60_median": 0.7,
    "rt60_p20": 0.7,
    "rt60_p80": 0.7,
    "rt60_band_median": [
      0.7,
      0.7,
      0.7,
      0.7,
      0.6938428947532811,
      0.6523084751770792,
      0.5566593036114164,
      0.45864706825076146,
      0.4090718041649836
    ],
    "band_centers_ref": [
      125.0,
      250.0,
      500.0,
      1000.0,
      2000.0,
      4000.0,
      8000.0,
      12000.0,
      16000.0
    ],
    "drr_db_p20_p80": [
      1.6229695473893742,
      9.734900079961498
    ],
    "c50_db_p20_p80": [
      6.0320181375894615,
      15.90251866469751
    ],
    "noise_rms_median": 0.0009635784557905172,
    "noise_tilt_db_per_oct_median": -4.8607228271616485,
    "fitted_custom_room_range": {
      "lx": [
        3.456,
        3.744
      ],
      "ly": [
        3.6479999999999997,
        3.952
      ],
      "lz": [
        2.592,
        2.8080000000000003
      ]
    },
    "drr_c50_mode_requested": "from_recording",
    "drr_c50_mode_effective": "auto"
  },
  "pulse_recording": "/home/xukj/dataset_comsolTest/room_test"
}